{
  "project_info": {
    "project_number": "43705417524",
    "project_id": "tugasakhir-d69ea",
    "storage_bucket": "tugasakhir-d69ea.appspot.com"
  },
  "client": [
    {
      "client_info": {
        "mobilesdk_app_id": "1:43705417524:android:0721fd8bee3803dd4b6f61",
        "android_client_info": {
          "package_name": "com.example.tugasakhir"
        }
      },
      "oauth_client": [],
      "api_key": [
        {
          "current_key": "AIzaSyD6fMa9ZFtUwcsgGedrlyIyOkZiDwdiWLg"
        }
      ],
      "services": {
        "appinvite_service": {
          "other_platform_oauth_client": []
        }
      }
    }
  ],
  "configuration_version": "1"
}